Area,Year,Buckwheat
Hungary,2014,0.188679245
Hungary,2013,0.540540541
Ukraine,2015,0.780640125
Ukraine,2014,0.597228858
Ukraine,2013,0.558596805
