,Total Energy,Fertilizer,Government_Management,Law&Political Stability,Unemployment_rate,Yield(hg/ha),Gini_Index,Male/Female,Rural/Urban,Death under 5
Developed,0.29674628,0.029587492,0.14084621,0.016970664,0.021073857,0.049679328,0.021854108,0.28200558,0.12436935,0.016867043
developing,0.29093003,0.039308704,0.08852675,0.02193191,0.072545074,0.05091885,0.06798024,0.11281501,0.13527809,0.119765356
