,Total Energy,Fertilizer,Government_Management,Law&Political Stability,Unemployment_rate,Yield(hg/ha),Gini_Index,Male/Female,Rural/Urban,Renewable energy consumption
Developed,0.28776693,0.03180139,0.09190188,0.016167086,0.011890871,0.04464213,0.021376308,0.10940948,0.11323414,0.27180973
developing,0.28485507,0.04008645,0.09706731,0.0270161,0.05081743,0.054636035,0.08226534,0.113824315,0.13763149,0.11180042
